net_name,property_id,query_result,elapsed_seconds
ACASXu_1_1.nnet,adversarial_0,SAT,2.161496
ACASXu_1_1.nnet,adversarial_1,SAT,0.485348
ACASXu_1_1.nnet,adversarial_2,SAT,0.473093
ACASXu_1_1.nnet,adversarial_3,SAT,0.465937
ACASXu_1_1.nnet,adversarial_4,SAT,0.490811
ACASXu_1_1.nnet,adversarial_5,SAT,0.569401
ACASXu_1_1.nnet,adversarial_6,SAT,0.515238
ACASXu_1_1.nnet,adversarial_7,SAT,0.504832
ACASXu_1_1.nnet,adversarial_8,SAT,0.472148
ACASXu_1_1.nnet,adversarial_9,SAT,0.520884
ACASXu_1_1.nnet,adversarial_10,SAT,0.440499
ACASXu_1_1.nnet,adversarial_11,SAT,0.706371
ACASXu_1_1.nnet,adversarial_12,SAT,0.466611
ACASXu_1_1.nnet,adversarial_13,SAT,0.480242
ACASXu_1_1.nnet,adversarial_14,SAT,0.411329
ACASXu_1_1.nnet,adversarial_15,SAT,0.539295
ACASXu_1_1.nnet,adversarial_16,SAT,0.522177
ACASXu_1_1.nnet,adversarial_17,SAT,0.474763
ACASXu_1_1.nnet,adversarial_18,SAT,0.465905
ACASXu_1_1.nnet,adversarial_19,SAT,0.467467
ACASXu_1_2.nnet,adversarial_0,SAT,0.495093
ACASXu_1_2.nnet,adversarial_1,SAT,0.549509
ACASXu_1_2.nnet,adversarial_2,SAT,0.581656
ACASXu_1_2.nnet,adversarial_3,SAT,0.600929
ACASXu_1_2.nnet,adversarial_4,SAT,0.537542
ACASXu_1_2.nnet,adversarial_5,SAT,0.562431
ACASXu_1_2.nnet,adversarial_6,SAT,0.574301
ACASXu_1_2.nnet,adversarial_7,SAT,0.664100
ACASXu_1_2.nnet,adversarial_8,SAT,0.418858
ACASXu_1_2.nnet,adversarial_9,SAT,0.578268
ACASXu_1_2.nnet,adversarial_10,SAT,0.378775
ACASXu_1_2.nnet,adversarial_11,SAT,0.584494
ACASXu_1_2.nnet,adversarial_12,SAT,0.527017
ACASXu_1_2.nnet,adversarial_13,SAT,0.523121
ACASXu_1_2.nnet,adversarial_14,SAT,0.528903
ACASXu_1_2.nnet,adversarial_15,SAT,0.499021
ACASXu_1_2.nnet,adversarial_16,SAT,0.532992
ACASXu_1_2.nnet,adversarial_17,SAT,0.472159
ACASXu_1_2.nnet,adversarial_18,SAT,0.517875
ACASXu_1_2.nnet,adversarial_19,SAT,0.528828
ACASXu_1_3.nnet,adversarial_0,SAT,0.587878
ACASXu_1_3.nnet,adversarial_1,SAT,0.548302
ACASXu_1_3.nnet,adversarial_2,SAT,0.500655
ACASXu_1_3.nnet,adversarial_3,SAT,0.537804
ACASXu_1_3.nnet,adversarial_4,SAT,0.454210
ACASXu_1_3.nnet,adversarial_5,SAT,0.655361
ACASXu_1_3.nnet,adversarial_6,SAT,0.587121
ACASXu_1_3.nnet,adversarial_7,SAT,0.591079
ACASXu_1_3.nnet,adversarial_8,SAT,0.397779
ACASXu_1_3.nnet,adversarial_9,SAT,0.440853
ACASXu_1_3.nnet,adversarial_10,SAT,0.450371
ACASXu_1_3.nnet,adversarial_11,SAT,0.613584
ACASXu_1_3.nnet,adversarial_12,SAT,0.369080
ACASXu_1_3.nnet,adversarial_13,SAT,0.528811
ACASXu_1_3.nnet,adversarial_14,SAT,0.406156
ACASXu_1_3.nnet,adversarial_15,SAT,0.593823
ACASXu_1_3.nnet,adversarial_16,SAT,0.523143
ACASXu_1_3.nnet,adversarial_17,SAT,0.501286
ACASXu_1_3.nnet,adversarial_18,SAT,0.532727
ACASXu_1_3.nnet,adversarial_19,SAT,0.527130
ACASXu_1_4.nnet,adversarial_0,SAT,0.573131
ACASXu_1_4.nnet,adversarial_1,SAT,0.555036
ACASXu_1_4.nnet,adversarial_2,SAT,0.575980
ACASXu_1_4.nnet,adversarial_3,SAT,0.523326
ACASXu_1_4.nnet,adversarial_4,SAT,0.420246
ACASXu_1_4.nnet,adversarial_5,SAT,0.610617
ACASXu_1_4.nnet,adversarial_6,SAT,0.594141
ACASXu_1_4.nnet,adversarial_7,SAT,0.647169
ACASXu_1_4.nnet,adversarial_8,SAT,0.415615
ACASXu_1_4.nnet,adversarial_9,SAT,0.545466
ACASXu_1_4.nnet,adversarial_10,SAT,0.428737
ACASXu_1_4.nnet,adversarial_11,SAT,0.681439
ACASXu_1_4.nnet,adversarial_12,SAT,0.468145
ACASXu_1_4.nnet,adversarial_13,SAT,0.532327
ACASXu_1_4.nnet,adversarial_14,SAT,0.430709
ACASXu_1_4.nnet,adversarial_15,SAT,0.664978
ACASXu_1_4.nnet,adversarial_16,SAT,0.519241
ACASXu_1_4.nnet,adversarial_17,SAT,0.485554
ACASXu_1_4.nnet,adversarial_18,SAT,0.529407
ACASXu_1_4.nnet,adversarial_19,SAT,0.516713
ACASXu_1_5.nnet,adversarial_0,SAT,0.560353
ACASXu_1_5.nnet,adversarial_1,SAT,0.543032
ACASXu_1_5.nnet,adversarial_2,SAT,0.571998
ACASXu_1_5.nnet,adversarial_3,SAT,0.570693
ACASXu_1_5.nnet,adversarial_4,SAT,0.428016
ACASXu_1_5.nnet,adversarial_5,SAT,0.515261
ACASXu_1_5.nnet,adversarial_6,SAT,0.621846
ACASXu_1_5.nnet,adversarial_7,SAT,0.549967
ACASXu_1_5.nnet,adversarial_8,SAT,0.485855
ACASXu_1_5.nnet,adversarial_9,SAT,0.524220
ACASXu_1_5.nnet,adversarial_10,SAT,0.515583
ACASXu_1_5.nnet,adversarial_11,SAT,0.594846
ACASXu_1_5.nnet,adversarial_12,SAT,0.465950
ACASXu_1_5.nnet,adversarial_13,SAT,0.672980
ACASXu_1_5.nnet,adversarial_14,SAT,0.473684
ACASXu_1_5.nnet,adversarial_15,SAT,0.553728
ACASXu_1_5.nnet,adversarial_16,SAT,0.596889
ACASXu_1_5.nnet,adversarial_17,SAT,0.567489
ACASXu_1_5.nnet,adversarial_18,SAT,0.555255
ACASXu_1_5.nnet,adversarial_19,SAT,0.469307
ACASXu_1_6.nnet,adversarial_0,SAT,0.521949
ACASXu_1_6.nnet,adversarial_1,SAT,0.488863
ACASXu_1_6.nnet,adversarial_2,SAT,0.537114
ACASXu_1_6.nnet,adversarial_3,SAT,0.536886
ACASXu_1_6.nnet,adversarial_4,SAT,0.389052
ACASXu_1_6.nnet,adversarial_5,SAT,0.482417
ACASXu_1_6.nnet,adversarial_6,SAT,0.534206
ACASXu_1_6.nnet,adversarial_7,SAT,0.613532
ACASXu_1_6.nnet,adversarial_8,SAT,0.441047
ACASXu_1_6.nnet,adversarial_9,SAT,0.518807
ACASXu_1_6.nnet,adversarial_10,SAT,0.428733
ACASXu_1_6.nnet,adversarial_11,SAT,0.586755
ACASXu_1_6.nnet,adversarial_12,SAT,0.386632
ACASXu_1_6.nnet,adversarial_13,SAT,0.552007
ACASXu_1_6.nnet,adversarial_14,SAT,0.528004
ACASXu_1_6.nnet,adversarial_15,SAT,0.643986
ACASXu_1_6.nnet,adversarial_16,SAT,0.564977
ACASXu_1_6.nnet,adversarial_17,SAT,0.466055
ACASXu_1_6.nnet,adversarial_18,SAT,0.553329
ACASXu_1_6.nnet,adversarial_19,SAT,0.469659
ACASXu_1_7.nnet,adversarial_0,UNSAT,1.953154
ACASXu_1_7.nnet,adversarial_1,UNSAT,0.690676
ACASXu_1_7.nnet,adversarial_2,UNSAT,2.103913
ACASXu_1_7.nnet,adversarial_3,UNSAT,0.574876
ACASXu_1_7.nnet,adversarial_4,UNSAT,0.602999
ACASXu_1_7.nnet,adversarial_5,UNSAT,0.534548
ACASXu_1_7.nnet,adversarial_6,UNSAT,1.130684
ACASXu_1_7.nnet,adversarial_7,UNSAT,0.889180
ACASXu_1_7.nnet,adversarial_8,UNSAT,0.428812
ACASXu_1_7.nnet,adversarial_9,UNSAT,0.477673
ACASXu_1_7.nnet,adversarial_10,UNSAT,0.560961
ACASXu_1_7.nnet,adversarial_11,UNSAT,2.225009
ACASXu_1_7.nnet,adversarial_12,UNSAT,0.624250
ACASXu_1_7.nnet,adversarial_13,UNSAT,0.529814
ACASXu_1_7.nnet,adversarial_14,UNSAT,0.456801
ACASXu_1_7.nnet,adversarial_15,UNSAT,0.809743
ACASXu_1_7.nnet,adversarial_16,UNSAT,6.429476
ACASXu_1_7.nnet,adversarial_17,UNSAT,0.574335
ACASXu_1_7.nnet,adversarial_18,UNSAT,2.238361
ACASXu_1_7.nnet,adversarial_19,UNSAT,0.546280
ACASXu_1_8.nnet,adversarial_0,SAT,0.520537
ACASXu_1_8.nnet,adversarial_1,SAT,0.638652
ACASXu_1_8.nnet,adversarial_2,SAT,0.565107
ACASXu_1_8.nnet,adversarial_3,SAT,0.474360
ACASXu_1_8.nnet,adversarial_4,SAT,0.465251
ACASXu_1_8.nnet,adversarial_5,SAT,0.657125
ACASXu_1_8.nnet,adversarial_6,SAT,0.612258
ACASXu_1_8.nnet,adversarial_7,SAT,0.678953
ACASXu_1_8.nnet,adversarial_8,SAT,0.564426
ACASXu_1_8.nnet,adversarial_9,SAT,0.639505
ACASXu_1_8.nnet,adversarial_10,SAT,0.463815
ACASXu_1_8.nnet,adversarial_11,SAT,0.589755
ACASXu_1_8.nnet,adversarial_12,SAT,0.448629
ACASXu_1_8.nnet,adversarial_13,SAT,0.485881
ACASXu_1_8.nnet,adversarial_14,SAT,0.482513
ACASXu_1_8.nnet,adversarial_15,SAT,0.524892
ACASXu_1_8.nnet,adversarial_16,SAT,0.560322
ACASXu_1_8.nnet,adversarial_17,SAT,0.557954
ACASXu_1_8.nnet,adversarial_18,SAT,0.600103
ACASXu_1_8.nnet,adversarial_19,SAT,0.679329
ACASXu_1_9.nnet,adversarial_0,SAT,0.593368
ACASXu_1_9.nnet,adversarial_1,SAT,0.623892
ACASXu_1_9.nnet,adversarial_2,SAT,0.569449
ACASXu_1_9.nnet,adversarial_3,SAT,0.533951
ACASXu_1_9.nnet,adversarial_4,SAT,0.440044
ACASXu_1_9.nnet,adversarial_5,SAT,0.528283
ACASXu_1_9.nnet,adversarial_6,SAT,0.595757
ACASXu_1_9.nnet,adversarial_7,SAT,0.687229
ACASXu_1_9.nnet,adversarial_8,SAT,0.471200
ACASXu_1_9.nnet,adversarial_9,SAT,0.654499
ACASXu_1_9.nnet,adversarial_10,SAT,0.456064
ACASXu_1_9.nnet,adversarial_11,SAT,0.653315
ACASXu_1_9.nnet,adversarial_12,SAT,0.460379
ACASXu_1_9.nnet,adversarial_13,SAT,0.525682
ACASXu_1_9.nnet,adversarial_14,SAT,0.456144
ACASXu_1_9.nnet,adversarial_15,SAT,0.645619
ACASXu_1_9.nnet,adversarial_16,SAT,0.605041
ACASXu_1_9.nnet,adversarial_17,SAT,0.517038
ACASXu_1_9.nnet,adversarial_18,SAT,0.593179
ACASXu_1_9.nnet,adversarial_19,SAT,0.581028
ACASXu_2_1.nnet,adversarial_0,SAT,0.597620
ACASXu_2_1.nnet,adversarial_1,SAT,0.527077
ACASXu_2_1.nnet,adversarial_2,SAT,0.554434
ACASXu_2_1.nnet,adversarial_3,SAT,0.610214
ACASXu_2_1.nnet,adversarial_4,SAT,0.553478
ACASXu_2_1.nnet,adversarial_5,SAT,0.528994
ACASXu_2_1.nnet,adversarial_6,SAT,0.601825
ACASXu_2_1.nnet,adversarial_7,SAT,0.662726
ACASXu_2_1.nnet,adversarial_8,SAT,0.480418
ACASXu_2_1.nnet,adversarial_9,SAT,0.581031
ACASXu_2_1.nnet,adversarial_10,SAT,0.434509
ACASXu_2_1.nnet,adversarial_11,SAT,0.644282
ACASXu_2_1.nnet,adversarial_12,SAT,0.439792
ACASXu_2_1.nnet,adversarial_13,SAT,0.519133
ACASXu_2_1.nnet,adversarial_14,SAT,0.465159
ACASXu_2_1.nnet,adversarial_15,SAT,0.653092
ACASXu_2_1.nnet,adversarial_16,SAT,0.652043
ACASXu_2_1.nnet,adversarial_17,SAT,0.457874
ACASXu_2_1.nnet,adversarial_18,SAT,0.577088
ACASXu_2_1.nnet,adversarial_19,SAT,0.515577
ACASXu_2_2.nnet,adversarial_0,SAT,0.520785
ACASXu_2_2.nnet,adversarial_1,SAT,0.543759
ACASXu_2_2.nnet,adversarial_2,SAT,0.506053
ACASXu_2_2.nnet,adversarial_3,SAT,0.494641
ACASXu_2_2.nnet,adversarial_4,SAT,0.499834
ACASXu_2_2.nnet,adversarial_5,SAT,0.587237
ACASXu_2_2.nnet,adversarial_6,SAT,0.518179
ACASXu_2_2.nnet,adversarial_7,SAT,0.613475
ACASXu_2_2.nnet,adversarial_8,SAT,0.432805
ACASXu_2_2.nnet,adversarial_9,SAT,0.534378
ACASXu_2_2.nnet,adversarial_10,SAT,0.509788
ACASXu_2_2.nnet,adversarial_11,SAT,0.609172
ACASXu_2_2.nnet,adversarial_12,SAT,0.492086
ACASXu_2_2.nnet,adversarial_13,SAT,0.478420
ACASXu_2_2.nnet,adversarial_14,SAT,0.458187
ACASXu_2_2.nnet,adversarial_15,SAT,0.666141
ACASXu_2_2.nnet,adversarial_16,SAT,0.543501
ACASXu_2_2.nnet,adversarial_17,SAT,0.444730
ACASXu_2_2.nnet,adversarial_18,SAT,0.492865
ACASXu_2_2.nnet,adversarial_19,SAT,0.548583
ACASXu_2_3.nnet,adversarial_0,SAT,0.534684
ACASXu_2_3.nnet,adversarial_1,SAT,0.537648
ACASXu_2_3.nnet,adversarial_2,SAT,0.489678
ACASXu_2_3.nnet,adversarial_3,SAT,0.573466
ACASXu_2_3.nnet,adversarial_4,SAT,0.542114
ACASXu_2_3.nnet,adversarial_5,SAT,0.548707
ACASXu_2_3.nnet,adversarial_6,SAT,0.637973
ACASXu_2_3.nnet,adversarial_7,SAT,0.631389
ACASXu_2_3.nnet,adversarial_8,SAT,0.441630
ACASXu_2_3.nnet,adversarial_9,SAT,0.595492
ACASXu_2_3.nnet,adversarial_10,SAT,0.517273
ACASXu_2_3.nnet,adversarial_11,SAT,0.570085
ACASXu_2_3.nnet,adversarial_12,SAT,0.468428
ACASXu_2_3.nnet,adversarial_13,SAT,0.542915
ACASXu_2_3.nnet,adversarial_14,SAT,0.527916
ACASXu_2_3.nnet,adversarial_15,SAT,0.600715
ACASXu_2_3.nnet,adversarial_16,SAT,0.560243
ACASXu_2_3.nnet,adversarial_17,SAT,0.516430
ACASXu_2_3.nnet,adversarial_18,SAT,0.510289
ACASXu_2_3.nnet,adversarial_19,SAT,0.592918
ACASXu_2_4.nnet,adversarial_0,SAT,0.493003
ACASXu_2_4.nnet,adversarial_1,SAT,0.466678
ACASXu_2_4.nnet,adversarial_2,SAT,0.494100
ACASXu_2_4.nnet,adversarial_3,SAT,0.523567
ACASXu_2_4.nnet,adversarial_4,SAT,0.556025
ACASXu_2_4.nnet,adversarial_5,SAT,0.558447
ACASXu_2_4.nnet,adversarial_6,SAT,0.601617
ACASXu_2_4.nnet,adversarial_7,SAT,0.648534
ACASXu_2_4.nnet,adversarial_8,SAT,0.530863
ACASXu_2_4.nnet,adversarial_9,SAT,0.583073
ACASXu_2_4.nnet,adversarial_10,SAT,0.414282
ACASXu_2_4.nnet,adversarial_11,SAT,0.578867
ACASXu_2_4.nnet,adversarial_12,SAT,0.442419
ACASXu_2_4.nnet,adversarial_13,SAT,0.555887
ACASXu_2_4.nnet,adversarial_14,SAT,0.426213
ACASXu_2_4.nnet,adversarial_15,SAT,0.582394
ACASXu_2_4.nnet,adversarial_16,SAT,0.543084
ACASXu_2_4.nnet,adversarial_17,SAT,0.501634
ACASXu_2_4.nnet,adversarial_18,SAT,0.558260
ACASXu_2_4.nnet,adversarial_19,SAT,0.628212
ACASXu_2_5.nnet,adversarial_0,SAT,0.572739
ACASXu_2_5.nnet,adversarial_1,SAT,0.661973
ACASXu_2_5.nnet,adversarial_2,SAT,0.612605
ACASXu_2_5.nnet,adversarial_3,SAT,0.593012
ACASXu_2_5.nnet,adversarial_4,SAT,0.525731
ACASXu_2_5.nnet,adversarial_5,SAT,0.648094
ACASXu_2_5.nnet,adversarial_6,SAT,0.547386
ACASXu_2_5.nnet,adversarial_7,SAT,0.632507
ACASXu_2_5.nnet,adversarial_8,SAT,0.509917
ACASXu_2_5.nnet,adversarial_9,SAT,0.569442
ACASXu_2_5.nnet,adversarial_10,SAT,0.426142
ACASXu_2_5.nnet,adversarial_11,SAT,0.619944
ACASXu_2_5.nnet,adversarial_12,SAT,0.535364
ACASXu_2_5.nnet,adversarial_13,SAT,0.717691
ACASXu_2_5.nnet,adversarial_14,SAT,0.694167
ACASXu_2_5.nnet,adversarial_15,SAT,0.651111
ACASXu_2_5.nnet,adversarial_16,SAT,0.609945
ACASXu_2_5.nnet,adversarial_17,SAT,0.629734
ACASXu_2_5.nnet,adversarial_18,SAT,0.538300
ACASXu_2_5.nnet,adversarial_19,SAT,0.643492
ACASXu_2_6.nnet,adversarial_0,SAT,0.608597
ACASXu_2_6.nnet,adversarial_1,SAT,0.648118
ACASXu_2_6.nnet,adversarial_2,SAT,0.526687
ACASXu_2_6.nnet,adversarial_3,SAT,0.475680
ACASXu_2_6.nnet,adversarial_4,SAT,0.546362
ACASXu_2_6.nnet,adversarial_5,SAT,0.644399
ACASXu_2_6.nnet,adversarial_6,SAT,0.636097
ACASXu_2_6.nnet,adversarial_7,SAT,0.809405
ACASXu_2_6.nnet,adversarial_8,SAT,0.457230
ACASXu_2_6.nnet,adversarial_9,SAT,0.661606
ACASXu_2_6.nnet,adversarial_10,SAT,0.447910
ACASXu_2_6.nnet,adversarial_11,SAT,0.571402
ACASXu_2_6.nnet,adversarial_12,SAT,0.542673
ACASXu_2_6.nnet,adversarial_13,SAT,0.531742
ACASXu_2_6.nnet,adversarial_14,SAT,0.517362
ACASXu_2_6.nnet,adversarial_15,SAT,0.529073
ACASXu_2_6.nnet,adversarial_16,SAT,0.626550
ACASXu_2_6.nnet,adversarial_17,SAT,0.503598
ACASXu_2_6.nnet,adversarial_18,SAT,0.509302
ACASXu_2_6.nnet,adversarial_19,SAT,0.498101
ACASXu_2_7.nnet,adversarial_0,SAT,0.702558
ACASXu_2_7.nnet,adversarial_1,SAT,0.657160
ACASXu_2_7.nnet,adversarial_2,SAT,0.507956
ACASXu_2_7.nnet,adversarial_3,SAT,0.486444
ACASXu_2_7.nnet,adversarial_4,SAT,0.619198
ACASXu_2_7.nnet,adversarial_5,SAT,0.510770
ACASXu_2_7.nnet,adversarial_6,SAT,0.714698
ACASXu_2_7.nnet,adversarial_7,SAT,0.871872
ACASXu_2_7.nnet,adversarial_8,SAT,0.576208
ACASXu_2_7.nnet,adversarial_9,SAT,0.671616
ACASXu_2_7.nnet,adversarial_10,SAT,0.621401
ACASXu_2_7.nnet,adversarial_11,SAT,0.746367
ACASXu_2_7.nnet,adversarial_12,SAT,0.509627
ACASXu_2_7.nnet,adversarial_13,SAT,0.616367
ACASXu_2_7.nnet,adversarial_14,SAT,0.498531
ACASXu_2_7.nnet,adversarial_15,SAT,0.631863
ACASXu_2_7.nnet,adversarial_16,SAT,0.583285
ACASXu_2_7.nnet,adversarial_17,SAT,0.472035
ACASXu_2_7.nnet,adversarial_18,SAT,0.607975
ACASXu_2_7.nnet,adversarial_19,SAT,0.542529
ACASXu_2_8.nnet,adversarial_0,SAT,0.649526
ACASXu_2_8.nnet,adversarial_1,SAT,0.534422
ACASXu_2_8.nnet,adversarial_2,SAT,0.675754
ACASXu_2_8.nnet,adversarial_3,SAT,0.532311
ACASXu_2_8.nnet,adversarial_4,SAT,0.463418
ACASXu_2_8.nnet,adversarial_5,SAT,0.680978
ACASXu_2_8.nnet,adversarial_6,SAT,0.801607
ACASXu_2_8.nnet,adversarial_7,SAT,0.665767
ACASXu_2_8.nnet,adversarial_8,SAT,0.407911
ACASXu_2_8.nnet,adversarial_9,SAT,0.529309
ACASXu_2_8.nnet,adversarial_10,SAT,0.549202
ACASXu_2_8.nnet,adversarial_11,SAT,0.681669
ACASXu_2_8.nnet,adversarial_12,SAT,0.558417
ACASXu_2_8.nnet,adversarial_13,SAT,0.480215
ACASXu_2_8.nnet,adversarial_14,SAT,0.527850
ACASXu_2_8.nnet,adversarial_15,SAT,0.650030
ACASXu_2_8.nnet,adversarial_16,SAT,0.691913
ACASXu_2_8.nnet,adversarial_17,SAT,0.541613
ACASXu_2_8.nnet,adversarial_18,SAT,0.721216
ACASXu_2_8.nnet,adversarial_19,SAT,0.575592
ACASXu_2_9.nnet,adversarial_0,SAT,0.636966
ACASXu_2_9.nnet,adversarial_1,SAT,0.671940
ACASXu_2_9.nnet,adversarial_2,SAT,0.581401
ACASXu_2_9.nnet,adversarial_3,SAT,0.539068
ACASXu_2_9.nnet,adversarial_4,SAT,0.587417
ACASXu_2_9.nnet,adversarial_5,SAT,0.652831
ACASXu_2_9.nnet,adversarial_6,SAT,0.687151
ACASXu_2_9.nnet,adversarial_7,SAT,0.705268
ACASXu_2_9.nnet,adversarial_8,SAT,0.409199
ACASXu_2_9.nnet,adversarial_9,SAT,0.575992
ACASXu_2_9.nnet,adversarial_10,SAT,0.560507
ACASXu_2_9.nnet,adversarial_11,SAT,0.628364
ACASXu_2_9.nnet,adversarial_12,SAT,0.485371
ACASXu_2_9.nnet,adversarial_13,SAT,0.529766
ACASXu_2_9.nnet,adversarial_14,SAT,0.421185
ACASXu_2_9.nnet,adversarial_15,SAT,0.559570
ACASXu_2_9.nnet,adversarial_16,SAT,0.600562
ACASXu_2_9.nnet,adversarial_17,SAT,0.490284
ACASXu_2_9.nnet,adversarial_18,SAT,0.699367
ACASXu_2_9.nnet,adversarial_19,SAT,0.556846
ACASXu_3_1.nnet,adversarial_0,SAT,0.533555
ACASXu_3_1.nnet,adversarial_1,SAT,0.498060
ACASXu_3_1.nnet,adversarial_2,SAT,0.502355
ACASXu_3_1.nnet,adversarial_3,SAT,0.481684
ACASXu_3_1.nnet,adversarial_4,SAT,0.551438
ACASXu_3_1.nnet,adversarial_5,SAT,0.584749
ACASXu_3_1.nnet,adversarial_6,SAT,0.631785
ACASXu_3_1.nnet,adversarial_7,SAT,0.615831
ACASXu_3_1.nnet,adversarial_8,SAT,0.528509
ACASXu_3_1.nnet,adversarial_9,SAT,0.525571
ACASXu_3_1.nnet,adversarial_10,SAT,0.534950
ACASXu_3_1.nnet,adversarial_11,SAT,0.621789
ACASXu_3_1.nnet,adversarial_12,SAT,0.485974
ACASXu_3_1.nnet,adversarial_13,SAT,0.517110
ACASXu_3_1.nnet,adversarial_14,SAT,0.570897
ACASXu_3_1.nnet,adversarial_15,SAT,0.612262
ACASXu_3_1.nnet,adversarial_16,SAT,0.573018
ACASXu_3_1.nnet,adversarial_17,SAT,0.494730
ACASXu_3_1.nnet,adversarial_18,SAT,0.481658
ACASXu_3_1.nnet,adversarial_19,SAT,0.576103
ACASXu_3_2.nnet,adversarial_0,SAT,0.573972
ACASXu_3_2.nnet,adversarial_1,SAT,0.487953
ACASXu_3_2.nnet,adversarial_2,SAT,0.544218
ACASXu_3_2.nnet,adversarial_3,SAT,0.539239
ACASXu_3_2.nnet,adversarial_4,SAT,0.481732
ACASXu_3_2.nnet,adversarial_5,SAT,0.592666
ACASXu_3_2.nnet,adversarial_6,SAT,0.601718
ACASXu_3_2.nnet,adversarial_7,SAT,0.696337
ACASXu_3_2.nnet,adversarial_8,SAT,0.433698
ACASXu_3_2.nnet,adversarial_9,SAT,0.535229
ACASXu_3_2.nnet,adversarial_10,SAT,0.498936
ACASXu_3_2.nnet,adversarial_11,SAT,0.689357
ACASXu_3_2.nnet,adversarial_12,SAT,0.584413
ACASXu_3_2.nnet,adversarial_13,SAT,0.534267
ACASXu_3_2.nnet,adversarial_14,SAT,0.558370
ACASXu_3_2.nnet,adversarial_15,SAT,0.678452
ACASXu_3_2.nnet,adversarial_16,SAT,0.679327
ACASXu_3_2.nnet,adversarial_17,SAT,0.525648
ACASXu_3_2.nnet,adversarial_18,SAT,0.725286
ACASXu_3_2.nnet,adversarial_19,SAT,0.604636
ACASXu_3_3.nnet,adversarial_0,SAT,0.596732
ACASXu_3_3.nnet,adversarial_1,SAT,0.629045
ACASXu_3_3.nnet,adversarial_2,SAT,0.526794
ACASXu_3_3.nnet,adversarial_3,SAT,0.678098
ACASXu_3_3.nnet,adversarial_4,SAT,0.531629
ACASXu_3_3.nnet,adversarial_5,SAT,0.501791
ACASXu_3_3.nnet,adversarial_6,SAT,0.516515
ACASXu_3_3.nnet,adversarial_7,SAT,0.544682
ACASXu_3_3.nnet,adversarial_8,SAT,0.446497
ACASXu_3_3.nnet,adversarial_9,SAT,0.443880
ACASXu_3_3.nnet,adversarial_10,SAT,0.405713
ACASXu_3_3.nnet,adversarial_11,SAT,0.620206
ACASXu_3_3.nnet,adversarial_12,SAT,0.456601
ACASXu_3_3.nnet,adversarial_13,SAT,0.537687
ACASXu_3_3.nnet,adversarial_14,SAT,0.393858
ACASXu_3_3.nnet,adversarial_15,SAT,0.597882
ACASXu_3_3.nnet,adversarial_16,SAT,0.561861
ACASXu_3_3.nnet,adversarial_17,SAT,0.502944
ACASXu_3_3.nnet,adversarial_18,SAT,0.511030
ACASXu_3_3.nnet,adversarial_19,SAT,0.522689
ACASXu_3_4.nnet,adversarial_0,SAT,0.545575
ACASXu_3_4.nnet,adversarial_1,SAT,0.547021
ACASXu_3_4.nnet,adversarial_2,SAT,0.481332
ACASXu_3_4.nnet,adversarial_3,SAT,0.567385
ACASXu_3_4.nnet,adversarial_4,SAT,0.462141
ACASXu_3_4.nnet,adversarial_5,SAT,0.545736
ACASXu_3_4.nnet,adversarial_6,SAT,0.498125
ACASXu_3_4.nnet,adversarial_7,SAT,0.622874
ACASXu_3_4.nnet,adversarial_8,SAT,0.490983
ACASXu_3_4.nnet,adversarial_9,SAT,0.497209
ACASXu_3_4.nnet,adversarial_10,SAT,0.412427
ACASXu_3_4.nnet,adversarial_11,SAT,0.596680
ACASXu_3_4.nnet,adversarial_12,SAT,0.410411
ACASXu_3_4.nnet,adversarial_13,SAT,0.584005
ACASXu_3_4.nnet,adversarial_14,SAT,0.418088
ACASXu_3_4.nnet,adversarial_15,SAT,0.559231
ACASXu_3_4.nnet,adversarial_16,SAT,0.617925
ACASXu_3_4.nnet,adversarial_17,SAT,0.545282
ACASXu_3_4.nnet,adversarial_18,SAT,0.548947
ACASXu_3_4.nnet,adversarial_19,SAT,0.629371
ACASXu_3_5.nnet,adversarial_0,SAT,0.544895
ACASXu_3_5.nnet,adversarial_1,SAT,0.628126
ACASXu_3_5.nnet,adversarial_2,SAT,0.577605
ACASXu_3_5.nnet,adversarial_3,SAT,0.566016
ACASXu_3_5.nnet,adversarial_4,SAT,0.544569
ACASXu_3_5.nnet,adversarial_5,SAT,0.623839
ACASXu_3_5.nnet,adversarial_6,SAT,0.620748
ACASXu_3_5.nnet,adversarial_7,SAT,0.660374
ACASXu_3_5.nnet,adversarial_8,SAT,0.533985
ACASXu_3_5.nnet,adversarial_9,SAT,0.505316
ACASXu_3_5.nnet,adversarial_10,SAT,0.587324
ACASXu_3_5.nnet,adversarial_11,SAT,0.688910
ACASXu_3_5.nnet,adversarial_12,SAT,0.594793
ACASXu_3_5.nnet,adversarial_13,SAT,0.761287
ACASXu_3_5.nnet,adversarial_14,SAT,0.545519
ACASXu_3_5.nnet,adversarial_15,SAT,0.670383
ACASXu_3_5.nnet,adversarial_16,SAT,0.610779
ACASXu_3_5.nnet,adversarial_17,SAT,0.570810
ACASXu_3_5.nnet,adversarial_18,SAT,0.541406
ACASXu_3_5.nnet,adversarial_19,SAT,0.595751
ACASXu_3_6.nnet,adversarial_0,SAT,0.621331
ACASXu_3_6.nnet,adversarial_1,SAT,0.746150
ACASXu_3_6.nnet,adversarial_2,SAT,0.684187
ACASXu_3_6.nnet,adversarial_3,SAT,0.495309
ACASXu_3_6.nnet,adversarial_4,SAT,0.482255
ACASXu_3_6.nnet,adversarial_5,SAT,0.480598
ACASXu_3_6.nnet,adversarial_6,SAT,0.802010
ACASXu_3_6.nnet,adversarial_7,SAT,0.627167
ACASXu_3_6.nnet,adversarial_8,SAT,0.372216
ACASXu_3_6.nnet,adversarial_9,SAT,0.674595
ACASXu_3_6.nnet,adversarial_10,SAT,0.546856
ACASXu_3_6.nnet,adversarial_11,SAT,0.633657
ACASXu_3_6.nnet,adversarial_12,SAT,0.538265
ACASXu_3_6.nnet,adversarial_13,SAT,0.641064
ACASXu_3_6.nnet,adversarial_14,SAT,0.501089
ACASXu_3_6.nnet,adversarial_15,SAT,0.540013
ACASXu_3_6.nnet,adversarial_16,SAT,0.636840
ACASXu_3_6.nnet,adversarial_17,SAT,0.608548
ACASXu_3_6.nnet,adversarial_18,SAT,0.564014
ACASXu_3_6.nnet,adversarial_19,SAT,0.671222
ACASXu_3_7.nnet,adversarial_0,SAT,0.622249
ACASXu_3_7.nnet,adversarial_1,SAT,0.675131
ACASXu_3_7.nnet,adversarial_2,SAT,0.644155
ACASXu_3_7.nnet,adversarial_3,SAT,0.527450
ACASXu_3_7.nnet,adversarial_4,SAT,0.466116
ACASXu_3_7.nnet,adversarial_5,SAT,0.628206
ACASXu_3_7.nnet,adversarial_6,SAT,1.010572
ACASXu_3_7.nnet,adversarial_7,SAT,0.740493
ACASXu_3_7.nnet,adversarial_8,SAT,0.456157
ACASXu_3_7.nnet,adversarial_9,SAT,0.638751
ACASXu_3_7.nnet,adversarial_10,SAT,0.551902
ACASXu_3_7.nnet,adversarial_11,SAT,0.677530
ACASXu_3_7.nnet,adversarial_12,SAT,0.465840
ACASXu_3_7.nnet,adversarial_13,SAT,0.596417
ACASXu_3_7.nnet,adversarial_14,SAT,0.481150
ACASXu_3_7.nnet,adversarial_15,SAT,0.492443
ACASXu_3_7.nnet,adversarial_16,SAT,0.583681
ACASXu_3_7.nnet,adversarial_17,SAT,0.478590
ACASXu_3_7.nnet,adversarial_18,SAT,0.511809
ACASXu_3_7.nnet,adversarial_19,SAT,0.550933
ACASXu_3_8.nnet,adversarial_0,SAT,0.567688
ACASXu_3_8.nnet,adversarial_1,SAT,0.600725
ACASXu_3_8.nnet,adversarial_2,SAT,0.580583
ACASXu_3_8.nnet,adversarial_3,SAT,0.637042
ACASXu_3_8.nnet,adversarial_4,SAT,0.460325
ACASXu_3_8.nnet,adversarial_5,SAT,0.632748
ACASXu_3_8.nnet,adversarial_6,SAT,0.839331
ACASXu_3_8.nnet,adversarial_7,SAT,0.702094
ACASXu_3_8.nnet,adversarial_8,SAT,0.464642
ACASXu_3_8.nnet,adversarial_9,SAT,0.636082
ACASXu_3_8.nnet,adversarial_10,SAT,0.552977
ACASXu_3_8.nnet,adversarial_11,SAT,0.719303
ACASXu_3_8.nnet,adversarial_12,SAT,0.562947
ACASXu_3_8.nnet,adversarial_13,SAT,0.612232
ACASXu_3_8.nnet,adversarial_14,SAT,0.548807
ACASXu_3_8.nnet,adversarial_15,SAT,0.655999
ACASXu_3_8.nnet,adversarial_16,SAT,0.655833
ACASXu_3_8.nnet,adversarial_17,SAT,0.640113
ACASXu_3_8.nnet,adversarial_18,SAT,0.584929
ACASXu_3_8.nnet,adversarial_19,SAT,0.518222
ACASXu_3_9.nnet,adversarial_0,SAT,0.588122
ACASXu_3_9.nnet,adversarial_1,SAT,0.549767
ACASXu_3_9.nnet,adversarial_2,SAT,0.562597
ACASXu_3_9.nnet,adversarial_3,SAT,0.529982
ACASXu_3_9.nnet,adversarial_4,SAT,0.469552
ACASXu_3_9.nnet,adversarial_5,SAT,0.615134
ACASXu_3_9.nnet,adversarial_6,SAT,0.618868
ACASXu_3_9.nnet,adversarial_7,SAT,0.634867
ACASXu_3_9.nnet,adversarial_8,SAT,0.467877
ACASXu_3_9.nnet,adversarial_9,SAT,0.633654
ACASXu_3_9.nnet,adversarial_10,SAT,0.471323
ACASXu_3_9.nnet,adversarial_11,SAT,0.668456
ACASXu_3_9.nnet,adversarial_12,SAT,0.469889
ACASXu_3_9.nnet,adversarial_13,SAT,0.617387
ACASXu_3_9.nnet,adversarial_14,SAT,0.530611
ACASXu_3_9.nnet,adversarial_15,SAT,0.500911
ACASXu_3_9.nnet,adversarial_16,SAT,0.620992
ACASXu_3_9.nnet,adversarial_17,SAT,0.657282
ACASXu_3_9.nnet,adversarial_18,SAT,0.487427
ACASXu_3_9.nnet,adversarial_19,SAT,0.518824
ACASXu_4_1.nnet,adversarial_0,SAT,0.501710
ACASXu_4_1.nnet,adversarial_1,SAT,0.592038
ACASXu_4_1.nnet,adversarial_2,SAT,0.548969
ACASXu_4_1.nnet,adversarial_3,SAT,0.651238
ACASXu_4_1.nnet,adversarial_4,SAT,0.623021
ACASXu_4_1.nnet,adversarial_5,SAT,0.629073
ACASXu_4_1.nnet,adversarial_6,SAT,0.612223
ACASXu_4_1.nnet,adversarial_7,SAT,0.674103
ACASXu_4_1.nnet,adversarial_8,SAT,0.537530
ACASXu_4_1.nnet,adversarial_9,SAT,0.538374
ACASXu_4_1.nnet,adversarial_10,SAT,0.490156
ACASXu_4_1.nnet,adversarial_11,SAT,0.665656
ACASXu_4_1.nnet,adversarial_12,SAT,0.556457
ACASXu_4_1.nnet,adversarial_13,SAT,0.667707
ACASXu_4_1.nnet,adversarial_14,SAT,0.454191
ACASXu_4_1.nnet,adversarial_15,SAT,0.625543
ACASXu_4_1.nnet,adversarial_16,SAT,0.586162
ACASXu_4_1.nnet,adversarial_17,SAT,0.527543
ACASXu_4_1.nnet,adversarial_18,SAT,0.551745
ACASXu_4_1.nnet,adversarial_19,SAT,0.642269
ACASXu_4_2.nnet,adversarial_0,SAT,0.554007
ACASXu_4_2.nnet,adversarial_1,SAT,0.665235
ACASXu_4_2.nnet,adversarial_2,SAT,0.562925
ACASXu_4_2.nnet,adversarial_3,SAT,0.611083
ACASXu_4_2.nnet,adversarial_4,SAT,0.566092
ACASXu_4_2.nnet,adversarial_5,SAT,0.630020
ACASXu_4_2.nnet,adversarial_6,SAT,0.590149
ACASXu_4_2.nnet,adversarial_7,SAT,0.660647
ACASXu_4_2.nnet,adversarial_8,SAT,0.552194
ACASXu_4_2.nnet,adversarial_9,SAT,0.585813
ACASXu_4_2.nnet,adversarial_10,SAT,0.536369
ACASXu_4_2.nnet,adversarial_11,SAT,0.654191
ACASXu_4_2.nnet,adversarial_12,SAT,0.483339
ACASXu_4_2.nnet,adversarial_13,SAT,0.535193
ACASXu_4_2.nnet,adversarial_14,SAT,0.539243
ACASXu_4_2.nnet,adversarial_15,SAT,0.662421
ACASXu_4_2.nnet,adversarial_16,SAT,0.519139
ACASXu_4_2.nnet,adversarial_17,SAT,0.585739
ACASXu_4_2.nnet,adversarial_18,SAT,0.552210
ACASXu_4_2.nnet,adversarial_19,SAT,0.614228
ACASXu_4_3.nnet,adversarial_0,SAT,0.492799
ACASXu_4_3.nnet,adversarial_1,SAT,0.648394
ACASXu_4_3.nnet,adversarial_2,SAT,0.477897
ACASXu_4_3.nnet,adversarial_3,SAT,0.486264
ACASXu_4_3.nnet,adversarial_4,SAT,0.479945
ACASXu_4_3.nnet,adversarial_5,SAT,0.553028
ACASXu_4_3.nnet,adversarial_6,SAT,0.619925
ACASXu_4_3.nnet,adversarial_7,SAT,0.631192
ACASXu_4_3.nnet,adversarial_8,SAT,0.413704
ACASXu_4_3.nnet,adversarial_9,SAT,0.606310
ACASXu_4_3.nnet,adversarial_10,SAT,0.526396
ACASXu_4_3.nnet,adversarial_11,SAT,0.612784
ACASXu_4_3.nnet,adversarial_12,SAT,0.507823
ACASXu_4_3.nnet,adversarial_13,SAT,0.504278
ACASXu_4_3.nnet,adversarial_14,SAT,0.419514
ACASXu_4_3.nnet,adversarial_15,SAT,0.570702
ACASXu_4_3.nnet,adversarial_16,SAT,0.507289
ACASXu_4_3.nnet,adversarial_17,SAT,0.492104
ACASXu_4_3.nnet,adversarial_18,SAT,0.478982
ACASXu_4_3.nnet,adversarial_19,SAT,0.558590
ACASXu_4_4.nnet,adversarial_0,SAT,0.572976
ACASXu_4_4.nnet,adversarial_1,SAT,0.626949
ACASXu_4_4.nnet,adversarial_2,SAT,0.587173
ACASXu_4_4.nnet,adversarial_3,SAT,0.526089
ACASXu_4_4.nnet,adversarial_4,SAT,0.549614
ACASXu_4_4.nnet,adversarial_5,SAT,0.533136
ACASXu_4_4.nnet,adversarial_6,SAT,0.583147
ACASXu_4_4.nnet,adversarial_7,SAT,0.642679
ACASXu_4_4.nnet,adversarial_8,SAT,0.444003
ACASXu_4_4.nnet,adversarial_9,SAT,0.601297
ACASXu_4_4.nnet,adversarial_10,SAT,0.485086
ACASXu_4_4.nnet,adversarial_11,SAT,0.609318
ACASXu_4_4.nnet,adversarial_12,SAT,0.468650
ACASXu_4_4.nnet,adversarial_13,SAT,0.600084
ACASXu_4_4.nnet,adversarial_14,SAT,0.583750
ACASXu_4_4.nnet,adversarial_15,SAT,0.738011
ACASXu_4_4.nnet,adversarial_16,SAT,0.627295
ACASXu_4_4.nnet,adversarial_17,SAT,0.586871
ACASXu_4_4.nnet,adversarial_18,SAT,0.573834
ACASXu_4_4.nnet,adversarial_19,SAT,0.674569
ACASXu_4_5.nnet,adversarial_0,SAT,0.610265
ACASXu_4_5.nnet,adversarial_1,SAT,0.635391
ACASXu_4_5.nnet,adversarial_2,SAT,0.561409
ACASXu_4_5.nnet,adversarial_3,SAT,0.591275
ACASXu_4_5.nnet,adversarial_4,SAT,0.580937
ACASXu_4_5.nnet,adversarial_5,SAT,0.655443
ACASXu_4_5.nnet,adversarial_6,SAT,0.695159
ACASXu_4_5.nnet,adversarial_7,SAT,0.745613
ACASXu_4_5.nnet,adversarial_8,SAT,0.547925
ACASXu_4_5.nnet,adversarial_9,SAT,0.568128
ACASXu_4_5.nnet,adversarial_10,SAT,0.485009
ACASXu_4_5.nnet,adversarial_11,SAT,0.654911
ACASXu_4_5.nnet,adversarial_12,SAT,0.476229
ACASXu_4_5.nnet,adversarial_13,SAT,0.575759
ACASXu_4_5.nnet,adversarial_14,SAT,0.468113
ACASXu_4_5.nnet,adversarial_15,SAT,0.642118
ACASXu_4_5.nnet,adversarial_16,SAT,0.558997
ACASXu_4_5.nnet,adversarial_17,SAT,0.582995
ACASXu_4_5.nnet,adversarial_18,SAT,0.549362
ACASXu_4_5.nnet,adversarial_19,SAT,0.610537
ACASXu_4_6.nnet,adversarial_0,SAT,0.573666
ACASXu_4_6.nnet,adversarial_1,SAT,0.640373
ACASXu_4_6.nnet,adversarial_2,SAT,0.588408
ACASXu_4_6.nnet,adversarial_3,SAT,0.607228
ACASXu_4_6.nnet,adversarial_4,SAT,0.515066
ACASXu_4_6.nnet,adversarial_5,SAT,0.632619
ACASXu_4_6.nnet,adversarial_6,SAT,0.636375
ACASXu_4_6.nnet,adversarial_7,SAT,0.681578
ACASXu_4_6.nnet,adversarial_8,SAT,0.465015
ACASXu_4_6.nnet,adversarial_9,SAT,0.579851
ACASXu_4_6.nnet,adversarial_10,SAT,0.424824
ACASXu_4_6.nnet,adversarial_11,SAT,0.691806
ACASXu_4_6.nnet,adversarial_12,SAT,0.554149
ACASXu_4_6.nnet,adversarial_13,SAT,0.452921
ACASXu_4_6.nnet,adversarial_14,SAT,0.383989
ACASXu_4_6.nnet,adversarial_15,SAT,0.557561
ACASXu_4_6.nnet,adversarial_16,SAT,0.562917
ACASXu_4_6.nnet,adversarial_17,SAT,0.576228
ACASXu_4_6.nnet,adversarial_18,SAT,0.650964
ACASXu_4_6.nnet,adversarial_19,SAT,0.609100
ACASXu_4_7.nnet,adversarial_0,SAT,0.586147
ACASXu_4_7.nnet,adversarial_1,SAT,0.618769
ACASXu_4_7.nnet,adversarial_2,SAT,0.588090
ACASXu_4_7.nnet,adversarial_3,SAT,0.623929
ACASXu_4_7.nnet,adversarial_4,SAT,0.565901
ACASXu_4_7.nnet,adversarial_5,SAT,0.627651
ACASXu_4_7.nnet,adversarial_6,SAT,0.670444
ACASXu_4_7.nnet,adversarial_7,SAT,0.703352
ACASXu_4_7.nnet,adversarial_8,SAT,0.568110
ACASXu_4_7.nnet,adversarial_9,SAT,0.669508
ACASXu_4_7.nnet,adversarial_10,SAT,0.554850
ACASXu_4_7.nnet,adversarial_11,SAT,0.682325
ACASXu_4_7.nnet,adversarial_12,SAT,0.799852
ACASXu_4_7.nnet,adversarial_13,SAT,0.727977
ACASXu_4_7.nnet,adversarial_14,SAT,0.472168
ACASXu_4_7.nnet,adversarial_15,SAT,0.668470
ACASXu_4_7.nnet,adversarial_16,SAT,0.672922
ACASXu_4_7.nnet,adversarial_17,SAT,0.497070
ACASXu_4_7.nnet,adversarial_18,SAT,0.524207
ACASXu_4_7.nnet,adversarial_19,SAT,0.481235
ACASXu_4_8.nnet,adversarial_0,SAT,0.537933
ACASXu_4_8.nnet,adversarial_1,SAT,0.508808
ACASXu_4_8.nnet,adversarial_2,SAT,0.521044
ACASXu_4_8.nnet,adversarial_3,SAT,0.700866
ACASXu_4_8.nnet,adversarial_4,SAT,0.572528
ACASXu_4_8.nnet,adversarial_5,SAT,0.637273
ACASXu_4_8.nnet,adversarial_6,SAT,0.804275
ACASXu_4_8.nnet,adversarial_7,SAT,0.598792
ACASXu_4_8.nnet,adversarial_8,SAT,0.485527
ACASXu_4_8.nnet,adversarial_9,SAT,0.685518
ACASXu_4_8.nnet,adversarial_10,SAT,0.544158
ACASXu_4_8.nnet,adversarial_11,SAT,0.694167
ACASXu_4_8.nnet,adversarial_12,SAT,0.538637
ACASXu_4_8.nnet,adversarial_13,SAT,0.583466
ACASXu_4_8.nnet,adversarial_14,SAT,0.539643
ACASXu_4_8.nnet,adversarial_15,SAT,0.541783
ACASXu_4_8.nnet,adversarial_16,SAT,0.631411
ACASXu_4_8.nnet,adversarial_17,SAT,0.513586
ACASXu_4_8.nnet,adversarial_18,SAT,0.529619
ACASXu_4_8.nnet,adversarial_19,SAT,0.496681
ACASXu_4_9.nnet,adversarial_0,SAT,0.602551
ACASXu_4_9.nnet,adversarial_1,SAT,0.636179
ACASXu_4_9.nnet,adversarial_2,SAT,0.644960
ACASXu_4_9.nnet,adversarial_3,SAT,0.651496
ACASXu_4_9.nnet,adversarial_4,SAT,0.565674
ACASXu_4_9.nnet,adversarial_5,SAT,0.670288
ACASXu_4_9.nnet,adversarial_6,SAT,1.203768
ACASXu_4_9.nnet,adversarial_7,SAT,0.742724
ACASXu_4_9.nnet,adversarial_8,SAT,0.449289
ACASXu_4_9.nnet,adversarial_9,SAT,0.625603
ACASXu_4_9.nnet,adversarial_10,SAT,0.577316
ACASXu_4_9.nnet,adversarial_11,SAT,0.686922
ACASXu_4_9.nnet,adversarial_12,SAT,0.571527
ACASXu_4_9.nnet,adversarial_13,SAT,0.472666
ACASXu_4_9.nnet,adversarial_14,SAT,0.522688
ACASXu_4_9.nnet,adversarial_15,SAT,0.724959
ACASXu_4_9.nnet,adversarial_16,SAT,0.715945
ACASXu_4_9.nnet,adversarial_17,SAT,0.647567
ACASXu_4_9.nnet,adversarial_18,SAT,0.660839
ACASXu_4_9.nnet,adversarial_19,SAT,0.635667
ACASXu_5_1.nnet,adversarial_0,SAT,0.576288
ACASXu_5_1.nnet,adversarial_1,SAT,0.610599
ACASXu_5_1.nnet,adversarial_2,SAT,0.541803
ACASXu_5_1.nnet,adversarial_3,SAT,0.489712
ACASXu_5_1.nnet,adversarial_4,SAT,0.518307
ACASXu_5_1.nnet,adversarial_5,SAT,0.524559
ACASXu_5_1.nnet,adversarial_6,SAT,0.643017
ACASXu_5_1.nnet,adversarial_7,SAT,0.570624
ACASXu_5_1.nnet,adversarial_8,SAT,0.484561
ACASXu_5_1.nnet,adversarial_9,SAT,0.551559
ACASXu_5_1.nnet,adversarial_10,SAT,0.486456
ACASXu_5_1.nnet,adversarial_11,SAT,0.666803
ACASXu_5_1.nnet,adversarial_12,SAT,0.541380
ACASXu_5_1.nnet,adversarial_13,SAT,0.646585
ACASXu_5_1.nnet,adversarial_14,SAT,0.476604
ACASXu_5_1.nnet,adversarial_15,SAT,0.607058
ACASXu_5_1.nnet,adversarial_16,SAT,0.557862
ACASXu_5_1.nnet,adversarial_17,SAT,0.520225
ACASXu_5_1.nnet,adversarial_18,SAT,0.565054
ACASXu_5_1.nnet,adversarial_19,SAT,0.597644
ACASXu_5_2.nnet,adversarial_0,UNSAT,2.756784
ACASXu_5_2.nnet,adversarial_1,UNSAT,0.608854
ACASXu_5_2.nnet,adversarial_2,UNSAT,0.732830
ACASXu_5_2.nnet,adversarial_3,UNSAT,0.667251
ACASXu_5_2.nnet,adversarial_4,UNSAT,0.381261
ACASXu_5_2.nnet,adversarial_5,UNSAT,0.686930
ACASXu_5_2.nnet,adversarial_6,SAT,0.868936
ACASXu_5_2.nnet,adversarial_7,UNSAT,5.658814
ACASXu_5_2.nnet,adversarial_8,UNSAT,0.409700
ACASXu_5_2.nnet,adversarial_9,UNSAT,0.813831
ACASXu_5_2.nnet,adversarial_10,UNSAT,3.504057
ACASXu_5_2.nnet,adversarial_11,UNSAT,1.142145
ACASXu_5_2.nnet,adversarial_12,UNSAT,0.400399
ACASXu_5_2.nnet,adversarial_13,UNSAT,0.629837
ACASXu_5_2.nnet,adversarial_14,UNSAT,0.452413
ACASXu_5_2.nnet,adversarial_15,UNSAT,0.715639
ACASXu_5_2.nnet,adversarial_16,UNSAT,1.070400
ACASXu_5_2.nnet,adversarial_17,UNSAT,0.596322
ACASXu_5_2.nnet,adversarial_18,UNSAT,4.539457
ACASXu_5_2.nnet,adversarial_19,UNSAT,0.625889
ACASXu_5_3.nnet,adversarial_0,SAT,0.552205
ACASXu_5_3.nnet,adversarial_1,SAT,0.518363
ACASXu_5_3.nnet,adversarial_2,SAT,0.516641
ACASXu_5_3.nnet,adversarial_3,SAT,0.569346
ACASXu_5_3.nnet,adversarial_4,SAT,0.500302
ACASXu_5_3.nnet,adversarial_5,SAT,0.526934
ACASXu_5_3.nnet,adversarial_6,SAT,0.501283
ACASXu_5_3.nnet,adversarial_7,SAT,0.639206
ACASXu_5_3.nnet,adversarial_8,SAT,0.444602
ACASXu_5_3.nnet,adversarial_9,SAT,0.562000
ACASXu_5_3.nnet,adversarial_10,SAT,0.466984
ACASXu_5_3.nnet,adversarial_11,SAT,0.759547
ACASXu_5_3.nnet,adversarial_12,SAT,0.516446
ACASXu_5_3.nnet,adversarial_13,SAT,0.567898
ACASXu_5_3.nnet,adversarial_14,SAT,0.451517
ACASXu_5_3.nnet,adversarial_15,SAT,0.521407
ACASXu_5_3.nnet,adversarial_16,SAT,0.569261
ACASXu_5_3.nnet,adversarial_17,SAT,0.496548
ACASXu_5_3.nnet,adversarial_18,SAT,0.514164
ACASXu_5_3.nnet,adversarial_19,SAT,0.557220
ACASXu_5_4.nnet,adversarial_0,SAT,0.521145
ACASXu_5_4.nnet,adversarial_1,SAT,0.485168
ACASXu_5_4.nnet,adversarial_2,SAT,0.508510
ACASXu_5_4.nnet,adversarial_3,SAT,0.528077
ACASXu_5_4.nnet,adversarial_4,SAT,0.645670
ACASXu_5_4.nnet,adversarial_5,SAT,0.614974
ACASXu_5_4.nnet,adversarial_6,SAT,0.569803
ACASXu_5_4.nnet,adversarial_7,SAT,0.650936
ACASXu_5_4.nnet,adversarial_8,SAT,0.555118
ACASXu_5_4.nnet,adversarial_9,SAT,0.607849
ACASXu_5_4.nnet,adversarial_10,SAT,0.565045
ACASXu_5_4.nnet,adversarial_11,SAT,0.665599
ACASXu_5_4.nnet,adversarial_12,SAT,0.552239
ACASXu_5_4.nnet,adversarial_13,SAT,0.675828
ACASXu_5_4.nnet,adversarial_14,SAT,0.581174
ACASXu_5_4.nnet,adversarial_15,SAT,0.719378
ACASXu_5_4.nnet,adversarial_16,SAT,0.645593
ACASXu_5_4.nnet,adversarial_17,SAT,0.543687
ACASXu_5_4.nnet,adversarial_18,SAT,0.489295
ACASXu_5_4.nnet,adversarial_19,SAT,0.605864
ACASXu_5_5.nnet,adversarial_0,SAT,0.632442
ACASXu_5_5.nnet,adversarial_1,SAT,0.604418
ACASXu_5_5.nnet,adversarial_2,SAT,0.494001
ACASXu_5_5.nnet,adversarial_3,SAT,0.560476
ACASXu_5_5.nnet,adversarial_4,SAT,0.463311
ACASXu_5_5.nnet,adversarial_5,SAT,0.570355
ACASXu_5_5.nnet,adversarial_6,SAT,0.704135
ACASXu_5_5.nnet,adversarial_7,SAT,0.809191
ACASXu_5_5.nnet,adversarial_8,SAT,0.600812
ACASXu_5_5.nnet,adversarial_9,SAT,0.662652
ACASXu_5_5.nnet,adversarial_10,SAT,0.478280
ACASXu_5_5.nnet,adversarial_11,SAT,0.636436
ACASXu_5_5.nnet,adversarial_12,SAT,0.553763
ACASXu_5_5.nnet,adversarial_13,SAT,0.658013
ACASXu_5_5.nnet,adversarial_14,SAT,0.470063
ACASXu_5_5.nnet,adversarial_15,SAT,0.549272
ACASXu_5_5.nnet,adversarial_16,SAT,0.676566
ACASXu_5_5.nnet,adversarial_17,SAT,0.495709
ACASXu_5_5.nnet,adversarial_18,SAT,0.597500
ACASXu_5_5.nnet,adversarial_19,SAT,0.598931
ACASXu_5_6.nnet,adversarial_0,SAT,0.543199
ACASXu_5_6.nnet,adversarial_1,SAT,0.591577
ACASXu_5_6.nnet,adversarial_2,SAT,0.543102
ACASXu_5_6.nnet,adversarial_3,SAT,0.441409
ACASXu_5_6.nnet,adversarial_4,SAT,0.405067
ACASXu_5_6.nnet,adversarial_5,SAT,0.575761
ACASXu_5_6.nnet,adversarial_6,SAT,0.702548
ACASXu_5_6.nnet,adversarial_7,SAT,0.708894
ACASXu_5_6.nnet,adversarial_8,SAT,0.581558
ACASXu_5_6.nnet,adversarial_9,SAT,0.663595
ACASXu_5_6.nnet,adversarial_10,SAT,0.460089
ACASXu_5_6.nnet,adversarial_11,SAT,0.704630
ACASXu_5_6.nnet,adversarial_12,SAT,0.581035
ACASXu_5_6.nnet,adversarial_13,SAT,0.670660
ACASXu_5_6.nnet,adversarial_14,SAT,0.466462
ACASXu_5_6.nnet,adversarial_15,SAT,0.681645
ACASXu_5_6.nnet,adversarial_16,SAT,0.739718
ACASXu_5_6.nnet,adversarial_17,SAT,0.520605
ACASXu_5_6.nnet,adversarial_18,SAT,0.588747
ACASXu_5_6.nnet,adversarial_19,SAT,0.615234
ACASXu_5_7.nnet,adversarial_0,SAT,0.705281
ACASXu_5_7.nnet,adversarial_1,SAT,0.562645
ACASXu_5_7.nnet,adversarial_2,SAT,0.559058
ACASXu_5_7.nnet,adversarial_3,SAT,0.527842
ACASXu_5_7.nnet,adversarial_4,SAT,0.551307
ACASXu_5_7.nnet,adversarial_5,SAT,0.688258
ACASXu_5_7.nnet,adversarial_6,SAT,0.597180
ACASXu_5_7.nnet,adversarial_7,SAT,0.652073
ACASXu_5_7.nnet,adversarial_8,SAT,0.457442
ACASXu_5_7.nnet,adversarial_9,SAT,0.658126
ACASXu_5_7.nnet,adversarial_10,SAT,0.564086
ACASXu_5_7.nnet,adversarial_11,SAT,0.696631
ACASXu_5_7.nnet,adversarial_12,SAT,0.622677
ACASXu_5_7.nnet,adversarial_13,SAT,0.521495
ACASXu_5_7.nnet,adversarial_14,SAT,0.480992
ACASXu_5_7.nnet,adversarial_15,SAT,0.605108
ACASXu_5_7.nnet,adversarial_16,SAT,0.633203
ACASXu_5_7.nnet,adversarial_17,SAT,0.600728
ACASXu_5_7.nnet,adversarial_18,SAT,0.637533
ACASXu_5_7.nnet,adversarial_19,SAT,0.540866
ACASXu_5_8.nnet,adversarial_0,SAT,0.641096
ACASXu_5_8.nnet,adversarial_1,SAT,0.627876
ACASXu_5_8.nnet,adversarial_2,SAT,0.585992
ACASXu_5_8.nnet,adversarial_3,SAT,0.606386
ACASXu_5_8.nnet,adversarial_4,SAT,0.567616
ACASXu_5_8.nnet,adversarial_5,SAT,0.630745
ACASXu_5_8.nnet,adversarial_6,SAT,1.012124
ACASXu_5_8.nnet,adversarial_7,SAT,0.706261
ACASXu_5_8.nnet,adversarial_8,SAT,0.499089
ACASXu_5_8.nnet,adversarial_9,SAT,0.612243
ACASXu_5_8.nnet,adversarial_10,SAT,0.592881
ACASXu_5_8.nnet,adversarial_11,SAT,0.702087
ACASXu_5_8.nnet,adversarial_12,SAT,0.615239
ACASXu_5_8.nnet,adversarial_13,SAT,0.633452
ACASXu_5_8.nnet,adversarial_14,SAT,0.608241
ACASXu_5_8.nnet,adversarial_15,SAT,0.707843
ACASXu_5_8.nnet,adversarial_16,SAT,0.715958
ACASXu_5_8.nnet,adversarial_17,SAT,0.510920
ACASXu_5_8.nnet,adversarial_18,SAT,0.681417
ACASXu_5_8.nnet,adversarial_19,SAT,0.611754
ACASXu_5_9.nnet,adversarial_0,SAT,0.559952
ACASXu_5_9.nnet,adversarial_1,SAT,0.629481
ACASXu_5_9.nnet,adversarial_2,SAT,0.531787
ACASXu_5_9.nnet,adversarial_3,SAT,0.571428
ACASXu_5_9.nnet,adversarial_4,SAT,0.604254
ACASXu_5_9.nnet,adversarial_5,SAT,0.598375
ACASXu_5_9.nnet,adversarial_6,SAT,0.570234
ACASXu_5_9.nnet,adversarial_7,SAT,0.599396
ACASXu_5_9.nnet,adversarial_8,SAT,0.574469
ACASXu_5_9.nnet,adversarial_9,SAT,0.625288
ACASXu_5_9.nnet,adversarial_10,SAT,0.495985
ACASXu_5_9.nnet,adversarial_11,SAT,0.624322
ACASXu_5_9.nnet,adversarial_12,SAT,0.555182
ACASXu_5_9.nnet,adversarial_13,SAT,0.519623
ACASXu_5_9.nnet,adversarial_14,SAT,0.582137
ACASXu_5_9.nnet,adversarial_15,SAT,0.716774
ACASXu_5_9.nnet,adversarial_16,SAT,0.590485
ACASXu_5_9.nnet,adversarial_17,SAT,0.631091
ACASXu_5_9.nnet,adversarial_18,SAT,0.613238
ACASXu_5_9.nnet,adversarial_19,SAT,0.563938
